<?xml version="1.0" encoding="UTF-8" standalone="yes"?>
<addon id="plugin.video.hubwizard" version="1.1.0" name="XBMCHUB.com  Wizard" provider-name="xbmchub.com">
	<requires>
		<import addon="xbmc.python" version="2.1.0"/>
	</requires>
	<extension point="xbmc.python.pluginsource" library="default.py">
		<provides>executable</provides>
	</extension>
	<extension point="xbmc.addon.metadata">
		<summary>The Hub Wizard</summary>
		<description>Instantly configure your XBMC experience with all the best add-ons and goodies from the XBMCHUB.COM community!  </description>
		<website>http://www.xbmchub.com/</website>
		<platform>all</platform>
		<forum>http://www.xbmchub.com/forums/official-xbmc-hub-repo/</forum>
		<website>http://www.xbmchub.com/</website>
	</extension>
</addon>
